SubjectArea,Subject,Band,AssessmentType,AssessmentInformationDetails,AssessmentYears,UnitASCode,ExamReportCode,SectionCode,HeaderText,HeaderContent,Sequence
English,English,Year 12,Final Exam,Post Exam Report,2024,VCEEU3AS2,VCEEEARB,VCEEEARBH,"This text needed to establish and maintain an appropriate voice to achieve a purpose: to explain, express, reflect or argue.",,1
English,English,Year 12,Final Exam,Post Exam Report,2024,VCEEU3AS2,VCEEEARB,VCEEEARBH,,"Students were invited to create a cohesive text that demonstrated their capacity to explore relevant ideas through purposeful authorial decisions relating to text structure(s), language features and vocabulary.",2
English,English,Year 12,Final Exam,Post Exam Report,2024,VCEEU3AS2,VCEEEARB,VCEEEARBH,"As with other sections of the paper, the titles provided multiple entry points and potential directions for students to follow.",,3
English,English,Year 12,Final Exam,Post Exam Report,2024,VCEEU3AS2,VCEEEARB,VCEEEARBH,,The stimulus material was provided to help students generate relevant ideas in relation to the nominated titles.,4
English,English,Year 12,Final Exam,Post Exam Report,2024,VCEEU3AS2,VCEEEARB,VCEEEARBH,,There was no preferred VCAA style or content.,5
English,English,Year 12,Final Exam,Post Exam Report,2024,VCEEU3AS2,VCEEEARB,VCEEEARBH,,Mentor texts did not need to be referenced.,6
English,English,Year 12,Final Exam,Post Exam Report,2024,VCEEU3AS2,VCEEEARB,VCEEEARBH,,Students were free to explore the ideas associated with the title and the Framework of Ideas in any prose style.,7
English,English,Year 12,Final Exam,Post Exam Report,2024,VCEEU3AS2,VCEEEARB,VCEEEARBH,"As in other sections of the course, students needed to draw on their knowledge of the centrality of context, audience and purpose to successful text creation.",,8
English,English,Year 12,Final Exam,Post Exam Report,2024,VCEEU3AS2,VCEEEARB,VCEEEARBH,,"While students may have created their text for an intended audience (such as like-minded protestors, a young adult reader or a more private self-directed audience), it was important to remember that there was a secondary audience to consider.",9
English,English,Year 12,Final Exam,Post Exam Report,2024,VCEEU3AS2,VCEEEARB,VCEEEARBH,,"The text formed part of a public examination and could (with student permission) be published on the VCAA website, which has a broad readership.",10
English,English,Year 12,Final Exam,Post Exam Report,2024,VCEEU3AS2,VCEEEARB,VCEEEARBH,,"The student’s text will also be read, for the purposes of assessment, by an unknown adult.",11
English,English,Year 12,Final Exam,Post Exam Report,2024,VCEEU3AS2,VCEEEARB,VCEEEARBH,,"As such, students are encouraged to consider the text they create in terms of appropriateness for their intended audience and purpose, as well as this secondary audience and purpose.",12
English,English,Year 12,Final Exam,Post Exam Report,2024,VCEEU3AS2,VCEEEARB,VCEEEARBH,,The text’s purpose(s) must be those nominated in the VCE English and English as an Additional Language Study Design.,13
English,English,Year 12,Final Exam,Post Exam Report,2024,VCEEU3AS2,VCEEEARB,VCEEEARBH,,Consideration of the implications of these factors should form part of students’ preparation for the exam.,14
